It's-Only-the-Himalayas,£45.17,In-stock
Full-Moon-over-Noah’s-...,£49.43,In-stock
See-America:-A-Celebration-...,£48.87,In-stock
Vagabonding:-An-Uncommon-Guide-...,£36.94,In-stock
Under-the-Tuscan-Sun,£37.33,In-stock
A-Summer-In-Europe,£44.34,In-stock
The-Great-Railway-Bazaar,£30.54,In-stock
A-Year-in-Provence-...,£56.88,In-stock
The-Road-to-Little-...,£23.21,In-stock
Neither-Here-nor-There:-...,£38.95,In-stock
1,000-Places-to-See-...,£26.08
Sharp-Objects,£47.82,In-stock
In-a-Dark,-Dark-...,£19.63
The-Past-Never-Ends,£56.50,In-stock
A-Murder-in-Time,£16.64,In-stock
The-Murder-of-Roger-...,£44.10,In-stock
The-Last-Mile-(Amos-...,£54.21,In-stock
That-Darkness-(Gardiner-and-...,£13.92,In-stock
Tastes-Like-Fear-(DI-...,£10.69,In-stock
A-Time-of-Torment-...,£48.35,In-stock
A-Study-in-Scarlet-...,£16.73,In-stock
Poisonous-(Max-Revere-Novels-...,£26.80,In-stock
Murder-at-the-42nd-...,£54.36,In-stock
Most-Wanted,£35.28,In-stock
Hide-Away-(Eve-Duncan-...,£11.84,In-stock
Boar-Island-(Anna-Pigeon-...,£59.48,In-stock
The-Widow,£27.26,In-stock
Playing-with-Fire,£13.71,In-stock
What-Happened-on-Beale-...,£25.37,In-stock
The-Bachelor-Girl's-Guide-...,£52.30,In-stock
Delivering-the-Truth-(Quaker-...,£20.89,In-stock
Tipping-the-Velvet,£53.74,In-stock
Forever-and-Forever:-The-...,£29.69,In-stock
A-Flight-of-Arrows-...,£55.53,In-stock
The-House-by-the-...,£36.95,In-stock
Mrs.-Houdini,£30.25,In-stock
The-Marriage-of-Opposites,£28.08,In-stock
Glory-over-Everything:-Beyond-...,£45.84,In-stock
Love,-Lies-and-Spies,£20.55
A-Paris-Apartment,£39.01,In-stock
Lilac-Girls,£17.28,In-stock
The-Constant-Princess-(The-...,£16.62,In-stock
The-Invention-of-Wings,£37.34,In-stock
World-Without-End-(The-...,£32.97,In-stock
The-Passion-of-Dolssa,£28.32,In-stock
Girl-With-a-Pearl-...,£26.77,In-stock
Voyager-(Outlander-#3),£21.07,In-stock
The-Red-Tent,£35.66,In-stock
The-Last-Painting-of-...,£55.55,In-stock
The-Guernsey-Literary-and-...,£49.53,In-stock
Girl-in-the-Blue-...,£46.83,In-stock
Scott-Pilgrim's-Precious-Little-...,£52.29,In-stock
Tsubasa:-WoRLD-CHRoNiCLE-2-...,£16.28,In-stock
This-One-Summer,£19.49,In-stock
The-Nameless-City-(The-...,£38.16,In-stock
Saga,-Volume-5-(Saga-...,£51.04
Rat-Queens,-Vol.-3:-...,£50.40
Princess-Jellyfish-2-in-1-Omnibus,-...,£13.61
Pop-Gun-War,-Volume-...,£18.97
Patience,£10.16,In-stock
Outcast,-Vol.-1:-A-...,£15.44
orange:-The-Complete-Collection-...,£48.41,In-stock
Lumberjanes,-Vol.-2:-Friendship-...,£46.91
Lumberjanes,-Vol.-1:-Beware-...,£45.61
Lumberjanes-Vol.-3:-A-...,£19.92,In-stock
I-Hate-Fairyland,-Vol.-...,£29.17
I-am-a-Hero-...,£54.63,In-stock
Giant-Days,-Vol.-2-...,£22.11
Danganronpa-Volume-1,£51.99,In-stock
Codename-Baboushka,-Volume-1:-...,£36.72
Camp-Midnight,£17.08,In-stock
The-Secret-Garden,£15.08,In-stock
The-Metamorphosis,£28.58,In-stock
The-Pilgrim's-Progress,£50.26,In-stock
The-Hound-of-the-...,£14.82,In-stock
Little-Women-(Little-Women-...,£28.07,In-stock
Gone-with-the-Wind,£32.49,In-stock
Candide,£58.63,In-stock
Animal-Farm,£57.22,In-stock
Wuthering-Heights,£17.73,In-stock
The-Picture-of-Dorian-...,£29.70,In-stock
The-Complete-Stories-and-...,£26.78,In-stock
Beowulf,£38.35,In-stock
And-Then-There-Were-...,£35.01,In-stock
The-Story-of-Hong-...,£43.19,In-stock
The-Little-Prince,£45.42,In-stock
Sense-and-Sensibility,£37.46,In-stock
Of-Mice-and-Men,£47.11,In-stock
Emma,£32.93,In-stock
Alice-in-Wonderland-(Alice's-...,£55.53,In-stock
Sophie's-World,£15.94,In-stock
The-Death-of-Humanity:-...,£58.11,In-stock
The-Stranger,£17.44,In-stock
Proofs-of-God:-Classical-...,£54.21,In-stock
Kierkegaard:-A-Christian-Missionary-...,£47.13,In-stock
At-The-Existentialist-Café:-...,£29.93,In-stock
Critique-of-Pure-Reason,£20.75,In-stock
Run,-Spot,-Run:-The-...
The-Nicomachean-Ethics,£36.34,In-stock
Meditations,£25.89,In-stock
Beyond-Good-and-Evil,£43.38,In-stock
Chase-Me-(Paris-Nights-...,£25.27,In-stock
Black-Dust,£34.53,In-stock
Her-Backup-Boyfriend-(The-...,£33.97,In-stock
First-and-First-(Five-...,£15.97,In-stock
Fifty-Shades-Darker-(Fifty-...,£21.96,In-stock
The-Wedding-Dress,£24.12,In-stock
Suddenly-in-Love-(Lake-...,£55.99,In-stock
Something-More-Than-This,£16.24,In-stock
Doing-It-Over-(Most-...,£35.61,In-stock
The-Wedding-Pact-(The-...,£32.61,In-stock
Hold-Your-Breath-(Search-...,£28.82,In-stock
Dirty-(Dive-Bar-#1),£40.83,In-stock
Take-Me-Home-Tonight-...,£53.98,In-stock
Off-the-Hook-(Fishing-...,£47.67,In-stock
A-Gentleman's-Position-(Society-...,£14.75,In-stock
Sit,-Stay,-Love
A-Girl's-Guide-to-...,£31.30,In-stock
The-Perfect-Play-(Play-...,£59.99,In-stock
Dark-Lover-(Black-Dagger-...,£12.87,In-stock
Changing-the-Game-(Play-...,£13.38,In-stock
I-Had-a-Nice-...,£57.36,In-stock
Will-You-Won't-You-...,£13.86,In-stock
Keep-Me-Posted,£20.46,In-stock
Grey-(Fifty-Shades-#4),£48.49,In-stock
Meternity,£43.58,In-stock
Some-Women,£13.73,In-stock
Shopaholic-Ties-the-Knot-...,£48.39,In-stock
Can-You-Keep-a-...,£21.94,In-stock
Twenties-Girl,£42.80,In-stock
The-Undomestic-Goddess,£45.75,In-stock
The-Nanny-Diaries-(Nanny-...,£52.53,In-stock
The-Devil-Wears-Prada-...,£44.29,In-stock
Something-Borrowed-(Darcy-&amp;-...,£48.96,In-stock
Something-Blue-(Darcy-&amp;-...,£54.62,In-stock
I've-Got-Your-Number,£19.69,In-stock
The-Edge-of-Reason-...,£19.18,In-stock
Bridget-Jones's-Diary-(Bridget-...,£29.82,In-stock
Soumission,£50.10,In-stock
Private-Paris-(Private-#10),£47.61,In-stock
We-Love-You,-Charlie-...,£50.27
Thirst,£17.27,In-stock
The-Murder-That-Never-...,£54.11,In-stock
Tuesday-Nights-in-1980,£21.04,In-stock
The-Vacationers,£42.15,In-stock
The-Regional-Office-Is-...,£51.36,In-stock
Finders-Keepers-(Bill-Hodges-...,£53.53,In-stock
The-Time-Keeper,£27.88,In-stock
The-Testament-of-Mary,£52.67,In-stock
The-First-Hostage-(J.B.-...,£25.85,In-stock
Take-Me-with-You,£45.21,In-stock
Still-Life-with-Bread-...,£26.41,In-stock
Shtum,£55.84,In-stock
My-Name-Is-Lucy-...,£41.56,In-stock
My-Mrs.-Brown,£24.48,In-stock
Mr.-Mercedes-(Bill-Hodges-...,£28.90,In-stock
I-Am-Pilgrim-(Pilgrim-...,£10.60,In-stock
Eligible-(The-Austen-Project-...,£27.09,In-stock
Birdsong:-A-Story-in-...,£54.64,In-stock
The-Bear-and-the-...,£36.89,In-stock
The-Secret-of-Dreadwillow-...,£56.13,In-stock
The-White-Cat-and-...,£58.08,In-stock
Little-Red,£13.47,In-stock
Walt-Disney's-Alice-in-...,£12.96,In-stock
Twenty-Yawns,£22.08,In-stock
Rain-Fish,£23.57,In-stock
Once-Was-a-Time,£18.28,In-stock
Luis-Paints-the-World,£53.95,In-stock
Nap-a-Roo,£25.08,In-stock
The-Whale,£35.96,In-stock
Shrunken-Treasures:-Literary-Classics,-...,£52.87
Raymie-Nightingale,£34.41,In-stock
Playing-from-the-Heart,£32.38,In-stock
Maybe-Something-Beautiful:-How-...,£22.54,In-stock
The-Wild-Robot,£56.07,In-stock
The-Thing-About-Jellyfish,£48.77,In-stock
The-Lonely-Ones,£43.59,In-stock
The-Day-the-Crayons-...,£26.33,In-stock
Don't-Be-a-Jerk:-...,£37.97,In-stock
You-Are-What-You-...,£21.87,In-stock
God:-The-Most-Unpleasant-...,£30.03,In-stock
The-Book-of-Mormon,£24.57,In-stock
A-History-of-God:-...,£27.62,In-stock
The-Bhagavad-Gita,£57.49,In-stock
Choosing-Our-Religion:-The-...,£28.42,In-stock
Worlds-Elsewhere:-Journeys-Around-...,£40.30,In-stock
The-Five-Love-Languages:-...,£31.05,In-stock
Reasons-to-Stay-Alive,£26.41,In-stock
#HigherSelfie:-Wake-Up-Your-...,£23.11,In-stock
Unseen-City:-The-Majesty-...,£44.18,In-stock
Throwing-Rocks-at-the-...,£31.12,In-stock
The-Life-Changing-Magic-of-...,£16.77,In-stock
The-Gutsy-Girl:-Escapades-...,£37.13,In-stock
The-Electric-Pencil:-Drawings-...,£56.06,In-stock
Spark-Joy:-An-Illustrated-...,£41.83,In-stock
Reskilling-America:-Learning-to-...,£19.83,In-stock
In-the-Country-We-...,£22.00,In-stock
Everydata:-The-Misinformation-Hidden-...,£54.35,In-stock
Call-the-Nurse:-True-...,£29.14,In-stock
Algorithms-to-Live-By:-...,£30.81,In-stock
The-Power-of-Now:-...,£43.54,In-stock
The-Omnivore's-Dilemma:-A-...,£38.21,In-stock
The-Genius-of-Birds,£17.24,In-stock
The-Artist's-Way:-A-...,£38.49,In-stock
So-You've-Been-Publicly-...,£12.23,In-stock
Rip-it-Up-and-...,£35.02,In-stock
Our-Band-Could-Be-...,£57.25,In-stock
How-Music-Works,£37.32,In-stock
Love-Is-a-Mix-...,£18.03,In-stock
Please-Kill-Me:-The-...,£31.19,In-stock
Kill-'Em-and-Leave:-...,£45.05,In-stock
Chronicles,-Vol.-1,£52.60
This-Is-Your-Brain-...,£38.40,In-stock
Orchestra-of-Exiles:-The-...,£12.36,In-stock
No-One-Here-Gets-...,£20.02,In-stock
Life,£31.58,In-stock
Old-Records-Never-Die:-...,£55.66,In-stock
Forever-Rockers-(The-Rocker-...,£28.80,In-stock
The-Coming-Woman:-A-...,£17.93,In-stock
The-Boys-in-the-...,£22.60,In-stock
Starving-Hearts-(Triangular-Trade-...,£13.99,In-stock
America's-Cradle-of-Quarterbacks:-...,£22.50,In-stock
Aladdin-and-His-Wonderful-...,£53.13,In-stock
Penny-Maybe,£33.29,In-stock
Maude-(1883-1993):She-Grew-Up-...,£18.02,In-stock
The-Inefficiency-Assassin:-Time-...,£20.59,In-stock
Soul-Reader,£39.58,In-stock
Bossypants,£49.46,In-stock
A-World-of-Flavor:-...,£42.95,In-stock
A-Piece-of-Sky,-...,£56.76
Tracing-Numbers-on-a-...,£41.60,In-stock
Thirteen-Reasons-Why,£52.72,In-stock
The-Secret-(The-Secret-...,£27.37,In-stock
The-Psychopath-Test:-A-...,£36.00,In-stock
The-Kite-Runner,£41.82,In-stock
The-Girl-on-the-...,£55.02,In-stock
The-Emerald-Mystery,£23.15,In-stock
The-Bridge-to-Consciousness:-...,£32.00,In-stock
Mesaerion:-The-Best-Science-...,£37.59,In-stock
Join,£35.67,In-stock
William-Shakespeare's-Star-Wars:-...,£43.30,In-stock
The-Project,£10.65,In-stock
Soft-Apocalypse,£26.12,In-stock
Sleeping-Giants-(Themis-Files-...,£48.74,In-stock
Arena,£21.36,In-stock
Foundation-(Foundation-(Publication-Order)-...,£32.42,In-stock
The-Restaurant-at-the-...,£10.92,In-stock
Ready-Player-One,£19.07,In-stock
Life,-the-Universe-and-...,£33.26
Dune-(Dune-#1),£54.86,In-stock
Do-Androids-Dream-of-...,£51.48,In-stock
Three-Wishes-(River-of-...,£44.18,In-stock
The-Last-Girl-(The-...,£36.26,In-stock
Having-the-Barbarian's-Baby-...,£34.96,In-stock
The-Book-of-Basketball:-...,£44.84,In-stock
Friday-Night-Lights:-A-...,£51.22,In-stock
Sugar-Rush-(Offensive-Line-...,£24.42,In-stock
Settling-the-Score-(The-...,£44.91,In-stock
Icing-(Aces-Hockey-#2),£40.44,In-stock
The-Torch-Is-Passed:-...,£19.09,In-stock
The-Mindfulness-and-Acceptance-...,£23.89,In-stock
The-Art-Forger,£40.76,In-stock
On-a-Midnight-Clear,£14.07,In-stock
Judo:-Seven-Steps-to-...,£53.90,In-stock
Shobu-Samurai,-Project-Aryoku-...,£29.06
Modern-Romance,£28.26,In-stock
The-White-Queen-(The-...,£25.91,In-stock
The-Song-of-Achilles,£37.40,In-stock
The-Immortal-Life-of-...,£40.67,In-stock
The-Dovekeepers,£48.78,In-stock
More-Than-Music-(Chasing-...,£37.61,In-stock
Code-Name-Verity-(Code-...,£22.13,In-stock
Cell,£20.29,In-stock
Angels-Walking-(Angels-Walking-...,£34.20,In-stock
A-Series-of-Catastrophes-...,£56.48,In-stock
A-People's-History-of-...,£40.79,In-stock
A-Brush-of-Wings-...,£55.51,In-stock
Rook,£37.86,In-stock
The-Midnight-Watch:-A-...,£26.20,In-stock
Unicorn-Tracks,£18.78,In-stock
Saga,-Volume-6-(Saga-...,£25.02
Princess-Between-Worlds-(Wide-Awake-...,£13.34,In-stock
Masks-and-Shadows,£56.40,In-stock
Crown-of-Midnight-(Throne-...,£43.29,In-stock
Avatar:-The-Last-Airbender:-...,£28.09,In-stock
A-Court-of-Thorns-...,£52.37,In-stock
Throne-of-Glass-(Throne-...,£35.07,In-stock
The-Glittering-Court-(The-...,£44.28,In-stock
Hollow-City-(Miss-Peregrine’s-...,£42.98,In-stock
The-Star-Touched-Queen,£46.02,In-stock
The-Hidden-Oracle-(The-...,£52.26,In-stock
The-Bane-Chronicles-(The-...,£44.73,In-stock
Island-of-Dragons-(Unwanteds-...,£29.65,In-stock
Demigods-&amp;-Magicians:-Percy-...,£37.51,In-stock
City-of-Glass-(The-...,£56.02,In-stock
Searching-for-Meaning-in-...,£38.73,In-stock
The-Star-Touched-Queen,£32.30,In-stock
A-Shard-of-Ice-...,£56.63,In-stock
King's-Folly-(The-Kinsman-...,£39.61,In-stock
Without-Borders-(Wanderlove-#1),£45.07,In-stock
The-Mistake-(Off-Campus-#2),£43.29,In-stock
The-Matchmaker's-Playbook-(Wingmen-...,£55.85,In-stock
The-Hook-Up-(Game-...,£36.29,In-stock
Shameless,£58.35,In-stock
Off-Sides-(Off-#1),£39.45,In-stock
The-Requiem-Red,£22.65,In-stock
Set-Me-Free,£17.46,In-stock
The-Natural-History-of-...,£45.22,In-stock
Obsidian-(Lux-#1),£14.86,In-stock
Burning,£28.81,In-stock
A-Fierce-and-Subtle-...,£28.13,In-stock
Scarlett-Epstein-Hates-It-...,£43.55,In-stock
Nightingale,-Sing,£38.28
Library-of-Souls-(Miss-...,£48.56,In-stock
Frostbite-(Vampire-Academy-#2),£29.99,In-stock
Wild-Swans,£14.36,In-stock
Until-Friday-Night-(The-...,£46.31,In-stock
This-Is-Where-It-...,£27.12,In-stock
The-Darkest-Lie,£35.35,In-stock
My-Kind-of-Crazy,£40.36,In-stock
Don't-Get-Caught,£55.35,In-stock
Catching-Jordan-(Hundred-Oaks),£50.83,In-stock
Aristotle-and-Dante-Discover-...,£58.14,In-stock
The-Epidemic-(The-Program-...,£14.44,In-stock
Stars-Above-(The-Lunar-...,£48.05,In-stock
The-Most-Perfect-Thing:-...,£42.96,In-stock
Immunity:-How-Elie-Metchnikoff-...,£57.36,In-stock
Sorting-the-Beef-from-...,£44.74,In-stock
Tipping-Point-for-Planet-...,£37.55,In-stock
The-Fabric-of-the-...,£55.91,In-stock
Diary-of-a-Citizen-...,£28.41,In-stock
The-Origin-of-Species,£10.01,In-stock
The-Grand-Design,£13.76,In-stock
Peak:-Secrets-from-the-...,£16.28,In-stock
The-Elegant-Universe:-Superstrings,-...,£13.03
The-Disappearing-Spoon:-And-...,£57.35,In-stock
Surely-You're-Joking,-Mr.-...,£25.83
Seven-Brief-Lessons-on-...,£30.60,In-stock
The-Selfish-Gene,£29.45,In-stock
A-Light-in-the-...,£51.77,In-stock
The-Black-Maria,£52.15,In-stock
Shakespeare's-Sonnets,£20.66,In-stock
Olio,£23.88,In-stock
You-can't-bury-them-...,£33.63,In-stock
Slow-States-of-Collapse:-...,£57.31,In-stock
Untitled-Collection:-Sabbath-Poems-...,£14.27,In-stock
Poems-That-Make-Grown-...,£14.19,In-stock
Night-Sky-with-Exit-...,£41.05,In-stock
salt.,£46.78,In-stock
Quarter-Life-Poetry:-Poems-...,£50.89,In-stock
Out-of-Print:-City-...,£53.64,In-stock
Les-Fleurs-du-Mal,£29.04,In-stock
Howl-and-Other-Poems,£40.45,In-stock
Leave-This-Song-Behind:-...,£51.17,In-stock
The-Collected-Poems-of-...,£15.42,In-stock
The-Crossover,£38.77,In-stock
Booked,£17.49,In-stock
Twenty-Love-Poems-and-...,£30.95,In-stock
Vampire-Knight,-Vol.-1-...,£15.40
Wall-and-Piece,£44.18,In-stock
Feathers:-Displays-of-Brilliant-...,£49.05,In-stock
Art-and-Fear:-Observations-...,£48.63,In-stock
The-New-Drawing-on-...,£43.02,In-stock
History-of-Beauty,£10.29,In-stock
The-Story-of-Art,£41.14,In-stock
The-Art-Book,£32.34,In-stock
Ways-of-Seeing,£39.51,In-stock
The-Lucifer-Effect:-Understanding-...,£10.40,In-stock
The-Golden-Condom:-And-...,£39.43,In-stock
It-Didn't-Start-with-...,£56.27,In-stock
An-Unquiet-Mind:-A-...,£21.30,In-stock
Thinking,-Fast-and-Slow,£21.14
Civilization-and-Its-Discontents,£59.95,In-stock
8-Keys-to-Mental-...,£31.04,In-stock
The-Argonauts,£10.93,In-stock
M-Train,£27.18,In-stock
Lab-Girl,£40.85,In-stock
Approval-Junkie:-Adventures-in-...,£58.81,In-stock
Running-with-Scissors,£12.91,In-stock
Me-Talk-Pretty-One-...,£57.60,In-stock
Lust-&amp;-Wonder,£11.87,In-stock
Life-Without-a-Recipe,£59.04,In-stock
A-Heartbreaking-Work-of-...,£54.29,In-stock
Catastrophic-Happiness:-Finding-Joy-...,£37.35,In-stock
Fifty-Shades-Freed-(Fifty-...,£15.36,In-stock
The-Long-Haul-(Diary-...,£44.07,In-stock
Old-School-(Diary-of-...,£11.83,In-stock
I-Know-What-I'm-...,£25.98,In-stock
Hyperbole-and-a-Half:-...,£14.75,In-stock
Dress-Your-Family-in-...,£43.68,In-stock
Toddlers-Are-A**holes:-It's-...,£25.55,In-stock
When-You-Are-Engulfed-...,£30.89,In-stock
Naked,£31.69,In-stock
Lamb:-The-Gospel-According-...,£55.50,In-stock
Holidays-on-Ice,£51.07,In-stock
Security,£39.25,In-stock
Follow-You-Home,£21.36,In-stock
The-Loney,£23.40,In-stock
Pet-Sematary,£10.56,In-stock
Doctor-Sleep-(The-Shining-...,£40.12,In-stock
Psycho:-Sanitarium-(Psycho-#1.5),£36.97,In-stock
Can-You-Keep-a-...,£48.64,In-stock
Red-Dragon-(Hannibal-Lecter-...,£23.37,In-stock
Dracula-the-Un-Dead,£35.63,In-stock
Night-Shift-(Night-Shift-...,£12.75,In-stock
Needful-Things,£47.51,In-stock
Misery,£34.79,In-stock
It,£25.01,In-stock
'Salem's-Lot,£49.56,In-stock
The-Stand,£57.86,In-stock
The-Girl-with-All-...,£49.47,In-stock
House-of-Leaves,£54.89,In-stock
Sapiens:-A-Brief-History-...,£54.23,In-stock
Unbound:-How-Eight-Technologies-...,£25.52,In-stock
The-Age-of-Genius:-...,£19.73,In-stock
Political-Suicide:-Missteps,-Peccadilloes,-...
Thomas-Jefferson-and-the-...,£59.64,In-stock
Zealot:-The-Life-and-...,£24.70,In-stock
A-Distant-Mirror:-The-...,£14.58,In-stock
1491:-New-Revelations-of-...,£21.80,In-stock
Brilliant-Beacons:-A-History-...,£11.45,In-stock
"""Most-Blessed-of-the-...",£44.48,In-stock
A-Short-History-of-...,£52.40,In-stock
The-Rise-and-Fall-...,£39.67,In-stock
Catherine-the-Great:-Portrait-...,£58.55,In-stock
The-Mathews-Men:-Seven-...,£42.91,In-stock
The-Hiding-Place,£55.91,In-stock
America's-War-for-the-...,£51.22,In-stock
The-Guns-of-August,£14.54,In-stock
House-of-Lost-Worlds:-...,£43.70,In-stock
Foolproof-Preserving:-A-Guide-...,£30.52,In-stock
The-Pioneer-Woman-Cooks:-...,£56.41,In-stock
My-Paris-Kitchen:-Recipes-...,£33.37,In-stock
Mama-Tried:-Traditional-Italian-...,£14.02,In-stock
Layered:-Baking,-Building,-and-...
The-Nerdy-Nummies-Cookbook:-...,£37.34,In-stock
The-Love-and-Lemons-...,£37.60,In-stock
The-Cookies-&amp;-Cups-...,£41.25,In-stock
Deliciously-Ella-Every-Day:-...,£42.16,In-stock
The-Help-Yourself-Cookbook-...,£28.77,In-stock
It's-All-Easy:-Healthy,-...,£19.55
Barefoot-Contessa-Back-to-...,£28.01,In-stock
Barefoot-Contessa-at-Home:-...,£50.62,In-stock
My-Kitchen-Year:-136-...,£11.53,In-stock
Everyday-Italian:-125-Simple-...,£20.10,In-stock
A-la-Mode:-120-...,£38.77,In-stock
Cravings:-Recipes-for-What-...,£20.50,In-stock
The-Moosewood-Cookbook:-Recipes-...,£12.34,In-stock
32-Yolks,£53.63,In-stock
Naturally-Lean:-125-Nourishing-...,£11.38,In-stock
Redeeming-Love,£20.47,In-stock
Close-to-You,£49.46,In-stock
Shadows-of-the-Past-...,£39.67,In-stock
Like-Never-Before-(Walker-...,£28.77,In-stock
Counted-With-the-Stars-...,£17.97,In-stock
If-I-Run-(If-...,£49.97,In-stock
The-Dirty-Little-Secrets-...,£33.34,In-stock
The-Third-Wave:-An-...,£12.61,In-stock
The-10%-Entrepreneur:-Live-...,£27.55,In-stock
Shoe-Dog:-A-Memoir-...,£23.99,In-stock
Made-to-Stick:-Why-...,£38.85,In-stock
Quench-Your-Own-Thirst:-...,£43.14,In-stock
The-Art-of-Startup-...,£21.00,In-stock
Born-for-This:-How-...,£21.59,In-stock
The-E-Myth-Revisited:-Why-...,£36.91,In-stock
Rich-Dad,-Poor-Dad,£51.74
The-Lean-Startup:-How-...,£33.92,In-stock
Rework,£44.88,In-stock
Louisa:-The-Extraordinary-Life-...,£16.85,In-stock
Setting-the-World-on-...,£21.15,In-stock
The-Faith-of-Christopher-...,£39.55,In-stock
Benjamin-Franklin:-An-American-...,£48.19,In-stock
The-Rise-of-Theodore-...,£42.57,In-stock
In-Her-Wake,£12.84,In-stock
The-Elephant-Tree,£23.82,In-stock
Behind-Closed-Doors,£52.22,In-stock
You-(You-#1),£43.61,In-stock
The-Guilty-(Will-Robie-...,£13.82,In-stock
The-14th-Colony-(Cotton-...,£39.24,In-stock
Give-It-Back,£18.32,In-stock
Killing-Floor-(Jack-Reacher-...,£31.49,In-stock
The-Bone-Hunters-(Lexy-...,£59.71,In-stock
Far-From-True-(Promise-...,£34.93,In-stock
The-Travelers,£15.77,In-stock
When-We-Collided,£31.77,In-stock
Someone-Like-You-(The-...,£52.79,In-stock
We-Are-All-Completely-...,£24.04,In-stock
The-Four-Agreements:-A-...,£17.66,In-stock
The-Activist's-Tao-Te-...,£32.24,In-stock
Chasing-Heaven:-What-Dying-...,£37.80,In-stock
If-I-Gave-You-...,£20.91,In-stock
Unreasonable-Hope:-Finding-Faith-...,£46.33,In-stock
A-New-Earth:-Awakening-...,£55.65,In-stock
Logan-Kade-(Fallen-Crest-...,£13.12,In-stock
Online-Marketing-for-Busy-...,£46.35,In-stock
How-to-Be-Miserable:-...,£46.03,In-stock
Overload:-How-to-Unplug,-...,£52.15
You-Are-a-Badass:-...,£12.08,In-stock
How-to-Stop-Worrying-...,£46.49,In-stock
All-the-Light-We-...,£29.87,In-stock
The-Girl-You-Left-...,£15.79,In-stock
(Un)Qualified:-How-God-Uses-...,£54.00,In-stock
Crazy-Love:-Overwhelmed-by-...,£47.72,In-stock
Blue-Like-Jazz:-Nonreligious-...,£25.77,In-stock
Silence-in-the-Dark-...,£58.33,In-stock
The-Grownup,£35.88,In-stock
Suzie-Snowflake:-One-beautiful-...,£54.81,In-stock
The-Bulletproof-Diet:-Lose-...,£49.05,In-stock
Eat-Fat,-Get-Thin,£54.07
10-Day-Green-Smoothie-Cleanse:-...,£49.71,In-stock
The-Art-and-Science-...,£52.98,In-stock
Libertarianism-for-Beginners,£51.33,In-stock
Why-the-Right-Went-...,£52.65,In-stock
Equal-Is-Unfair:-America's-...,£56.86,In-stock
Amid-the-Chaos,£36.58,In-stock
Dark-Notes,£19.19,In-stock
The-Long-Shadow-of-...,£10.97,In-stock
